id;datum;fallzahl;neue_faelle;genesene;todesfaelle;7_tage_inzidenz;rel_veraenderung_der_7_tage_inzidenz;7_tage_hosp_inzidenz;its_belegung
2661;2022-08-19;;;;;233,4;;;
2658;2022-08-18;1213927;1105;1165710;4739;261,7;'-9,2';16,3;5,1
2655;2022-08-17;1212822;1565;1162851;4735;285,8;'-8,5';16,8;5,1
2652;2022-08-16;1211257;1812;1159520;4731;301,7;'-9,2';17,1;4,9
2649;2022-08-15;1209445;;1156000;4745;302,6;'-11,5';16,1;5,6
2646;2022-08-14;;;;;302,8;'-14,1';16,7;
2643;2022-08-13;;;;;304,6;'-15,6';16,7;
2640;2022-08-12;1206570;1815;1150990;4739;308,8;'-16,5';16,7;6,8
2637;2022-08-11;1204755;2090;1147877;4737;309,6;'-17,4';14,8;6,2
2634;2022-08-10;1202665;2301;1144215;4729;311,2;'-17,8';14,7;6,6
2631;2022-08-09;1200364;2282;1140302;4729;313,0;'-18,0';17,9;6,1
2628;2022-08-08;1198082;;1136689;4727;328,7;'-17,5';18,5;6,2
2625;2022-08-07;;;;;329,2;'-16,9';17,9;
2622;2022-08-06;;;;;330,5;'-15,7';17,9;
2619;2022-08-05;1195556;1799;1131405;4727;336,1;'-14,0';17,9;6,0
2616;2022-08-04;1193757;2134;1128008;4722;351,8;'-12,3';18,0;5,6
2613;2022-08-03;1191623;2908;1124769;4720;362,8;'-11,7';16,3;5,4
2610;2022-08-02;1188715;2379;1120502;4717;386,4;'-11,6';16,7;5,9
2607;2022-08-01;1186336;;1116092;4715;406,6;'-12,0';16,7;6,4
2604;2022-07-31;;;;;406,6;'-13,1';17,1;
2601;2022-07-30;;;;;410,6;'-13,4';17,1;
2598;2022-07-29;1183163;1978;1110399;4710;425,8;'-12,9';17,1;6,6
2595;2022-07-28;1181185;2697;1107672;4708;431,9;'-12,7';18,1;7,6
2592;2022-07-27;1178488;3057;1103263;4704;445,9;'-11,6';18,6;7,2
2589;2022-07-26;1175431;3620;1099958;4699;449,3;'-10,8';14,7;7,5
2586;2022-07-25;1171811;;1096112;4691;449,1;'-10,2';14,5;6,6
2583;2022-07-24;;;;;451,7;'-9,4';14,0;
2580;2022-07-23;;;;;453,6;'-8,2';14,0;
2577;2022-07-22;1167945;2449;1091438;4688;464,1;'-6,6';14,0;5,7
2574;2022-07-21;1165496;2850;1088601;4686;490,1;'-4,4';13,8;6,3
2571;2022-07-20;1162646;3514;1085663;4681;510,0;'-4,1';14,0;6,5
2568;2022-07-19;1159132;3347;1082104;4680;517,9;'-3,2';13,1;5,9
2565;2022-07-18;1155785;;1079053;4679;537,8;'-2,0';14,5;5,9
2562;2022-07-17;;;;;536,7;'-0,6';11,9;
2559;2022-07-16;;;;;531,7;0,7;11,9;
2556;2022-07-15;1151255;3325;1074784;4677;540,0;2,1;11,9;5,7
2553;2022-07-14;1147930;3897;1071952;4676;526,3;2,9;10,0;5,1
2550;2022-07-13;1144033;4131;1070361;4675;531,2;5,8;9,5;4,9
2547;2022-07-12;1139902;3713;1068527;4671;545,9;7,9;9,2;4,9
2544;2022-07-11;1136189;;1066455;4665;551,1;9,6;8,6;5,8
2541;2022-07-10;;;;;552,2;11,0;9,1;
2538;2022-07-09;;;;;556,1;11,8;9,1;
2535;2022-07-08;1131329;3029;1063345;4662;539,6;11,9;9,1;4,7
2532;2022-07-07;1128300;3501;1061724;4661;573,2;11,8;9,3;4,4
2529;2022-07-06;1124799;4499;1060227;4658;550,6;10,8;9,6;4,3
2526;2022-07-05;1120300;4219;1058622;4656;534,5;12,0;9,8;4,1
2523;2022-07-04;1116081;;1056210;4650;512,1;14,0;7,7;4,1
2520;2022-07-03;;;;;510,8;17,3;8,2;
2517;2022-07-02;;;;;511,6;19,8;8,2;
2514;2022-07-01;1110870;2817;1055080;4649;515,2;21,4;8,2;4,1
2511;2022-06-30;1108053;4782;1053964;4647;474,3;23,5;7,9;4,1
2508;2022-06-29;1103271;3431;1052634;4648;483,4;27,1;7,6;4,4
2505;2022-06-28;1099840;3193;1051111;4641;470,1;29,2;7,4;4,2
2502;2022-06-27;1096647;;1049436;4640;464,3;30,1;7,1;3,4
2499;2022-06-26;;;;;463,0;34,8;6,1;
2496;2022-06-25;;;;;464,3;37,9;6,1;
2493;2022-06-24;1092466;3122;1046939;4639;472,4;39,1;6,1;3,7
2490;2022-06-23;1089344;2885;1044598;4639;440,3;38,0;5,6;2,2
2487;2022-06-22;1086459;3786;1044225;4638;398,0;37,8;5,1;3,1
2484;2022-06-21;1082673;3275;1042589;4635;376,3;39,9;4,9;2,9
2481;2022-06-20;1079398;;1040407;4635;355,8;44,8;4,9;2,9
2478;2022-06-19;;;;;356,0;45,9;4,5;
2475;2022-06-18;;;;;352,0;44,1;4,5;
2472;2022-06-17;1075068;2565;1037571;4636;315,6;38,8;4,5;3,3
2469;2022-06-16;1072503;2033;1036044;4635;315,1;33,3;4,4;3,2
2466;2022-06-15;1070470;2000;1034359;4633;309,7;28,7;4,4;2,3
2463;2022-06-14;1068470;2334;1032756;4632;322,2;22,3;4,3;2,5
2460;2022-06-13;1066136;;1030816;4632;250,4;10,8;4,7;2,7
2457;2022-06-12;;;;;249,3;5,3;4,4;
2454;2022-06-11;;;;;241,1;'-0,3';4,5;
2451;2022-06-10;1063090;1543;1027836;4630;220,5;'-4,9';4,6;2,7
2448;2022-06-09;1061547;2237;1025810;4628;205,9;'-6,8';5,0;2,7
2445;2022-06-08;1059310;1910;1023633;4624;197,3;'-11,5';4,5;2,9
2442;2022-06-07;1057400;;1021132;4621;165,6;'-14,8';4,3;2,7
2439;2022-06-06;;;;;206,9;'-14,3';3,9;2,5
2436;2022-06-05;;;;;207,1;'-16,8';4,5;
2433;2022-06-04;;;;;210,9;'-18,2';4,6;
2430;2022-06-03;1054613;1083;1014361;4618;230,7;'-19,0';4,6;2,9
2427;2022-06-02;1053530;1060;1012788;4617;198,8;'-21,4';4,7;3,2
2424;2022-06-01;1052470;1912;1010669;4616;197,1;'-21,9';4,9;3,5
2421;2022-05-31;1050558;1742;1008208;4613;207,1;'-22,4';4,9;3,9
2418;2022-05-30;1048816;1900;1004248;4612;223,0;'-23,9';4,5;3,6
2415;2022-05-29;1046916;;1001853;4610;222,8;'-26,2';4,5;3,6
2412;2022-05-28;1046916;43;1001527;4610;221,2;'-26,8';4,4;3,4
2409;2022-05-27;1046873;1755;1001066;4610;216,5;'-25,7';4,4;3,8
2406;2022-05-26;1045118;25;998382;4608;265,0;'-22,4';4,3;3,6
2403;2022-05-25;1045093;1812;994543;4608;271,0;'-20,2';5,2;3,5
2400;2022-05-24;1043281;2182;990579;4606;273,0;'-17,6';5,4;3,7
2397;2022-05-23;1041099;2184;986654;4604;282,6;'-16,0';6,0;3,8
2394;2022-05-22;1038915;118;982222;4578;283,7;'-12,6';6,0;3,1
2391;2022-05-21;1038797;38;981779;4578;285,3;'-8,8';6,0;3,2
2388;2022-05-20;1038759;1701;980991;4578;302,0;'-4,8';6,0;3,3
2385;2022-05-19;1037058;1637;978200;4574;319,3;'-2,5';5,8;4,4
2382;2022-05-18;1035421;1977;974975;4574;341,3;'-3,0';6,5;4,5
2379;2022-05-17;1033444;2418;971140;4562;368,9;'-6,3';7,2;4,5
2376;2022-05-16;1031026;2506;966488;4556;397,8;'-9,8';8,0;4,8
2373;2022-05-15;1028520;16;965353;4556;398,1;'-16,4';8,5;4,3
2370;2022-05-14;1028504;233;964927;4556;393,9;'-21,1';8,6;4,5
2367;2022-05-13;1028271;2344;964103;4556;377,6;'-24,2';8,5;4,3
2364;2022-05-12;1025927;2470;963449;4544;367,2;'-25,5';8,5;5,5
2361;2022-05-11;1023457;2899;959863;4536;362,4;'-24,7';8,2;5,2
2358;2022-05-10;1020558;3802;955679;4528;392,2;'-22,8';8,3;4,7
2355;2022-05-09;1016756;2797;950710;4525;357,9;'-21,9';8,2;4,7
2352;2022-05-08;1013959;93;946262;4512;357,9;'-15,7';10,0;4,5
2349;2022-05-07;1013866;111;945867;4512;362,2;'-9,3';9,9;4,9
2346;2022-05-06;1013755;1623;945295;4512;389,1;'-2,6';10,1;4,8
2343;2022-05-05;1012132;2187;941717;4509;438,3;6,6;10,3;5,5
2340;2022-05-04;1009945;2674;937120;4503;486,5;14,2;10,0;5,8
2337;2022-05-03;1007271;4087;932507;4495;483,4;19,5;9,9;5,8
2334;2022-05-02;1003184;2938;925760;5553;542,5;24,7;10,2;5,7
2331;2022-05-01;1000246;36;920207;4487;543,4;20,5;9,2;4,8
2328;2022-04-30;1000210;124;919798;4487;550,6;15,6;9,3;5,0
2325;2022-04-29;1000086;2798;918973;4485;557,2;9,8;9,3;5,1
2322;2022-04-28;997288;3506;913934;4480;541,5;'-1,1';8,7;6,2
2319;2022-04-27;993782;4732;908567;4478;534,9;'-11,4';9,2;6,7
2316;2022-04-26;989050;4036;901268;4463;552,5;'-19,7';9,1;6,7
2313;2022-04-25;985014;5002;893896;4461;444,9;'-27,8';10,3;7,2
2310;2022-04-24;980012;92;886369;4458;446,4;'-31,1';9,6;6,8
2307;2022-04-23;979920;286;885897;4458;447,7;'-32,4';9,6;7,0
2304;2022-04-22;979634;2833;884585;4458;378,1;'-32,4';11,0;7,0
2301;2022-04-21;976801;3274;878454;4455;384,1;'-30,9';12,1;7,5
2298;2022-04-20;973527;4551;870851;4452;393,7;'-28,9';12,0;7,2
2295;2022-04-19;968976;4589;862005;4443;404,4;'-27,6';12,2;7,3
2292;2022-04-18;964387;106;852822;4427;515,4;'-25,4';11,8;7,2
2289;2022-04-17;964281;147;844242;4427;515,4;'-25,0';14,0;7,0
2286;2022-04-16;964134;319;843585;4427;510,7;'-23,6';13,8;6,6
2283;2022-04-15;963815;197;842797;4427;601,4;'-21,3';14,1;7,6
2280;2022-04-14;963618;3918;837302;4427;635,1;'-20,5';14,7;7,9
2277;2022-04-13;959700;4589;830579;4422;647,1;'-20,7';14,8;7,6
2274;2022-04-12;955111;5144;821792;4421;698,7;'-21,0';15,8;8,1
2271;2022-04-11;949967;4545;812928;4412;729,8;'-22,1';15,7;8,4
2268;2022-04-10;945422;99;803530;4407;728,7;'-23,4';16,4;8,0
2265;2022-04-09;945323;1;802766;4407;733,0;'-23,2';16,4;8,3
2262;2022-04-08;945322;3890;801254;4407;778,3;'-21,6';15,0;8,7
2259;2022-04-07;941432;4974;793897;4406;797,7;'-19,5';14,6;8,7
2256;2022-04-06;936458;5754;786870;4402;870,0;'-16,7';15,5;8,3
2253;2022-04-05;930704;7273;778371;4396;878,8;'-14,5';16,6;8,6
2250;2022-04-04;923431;5216;777326;4392;914,8;'-11,6';15,4;8,5
2247;2022-04-03;918215;251;771559;4386;919,7;'-9,2';16,9;8,3
2244;2022-04-02;917964;666;771021;4386;937,7;'-6,5';17,0;8,5
2241;2022-04-01;917298;5515;769503;4386;970,5;'-3,9';16,9;8,3
2238;2022-03-31;911783;6557;764130;4384;1035,8;'-2,2';18,4;8,8
2235;2022-03-30;905226;7585;757907;4381;1088,7;'-1,0';18,8;9,6
2232;2022-03-29;897641;7032;751021;4369;1150,3;0,0;18,9;9,6
2229;2022-03-28;890609;7329;744534;4363;1201,3;4,0;19,0;9,9
2226;2022-03-27;883280;252;738113;4355;1198,6;8,6;19,1;9,3
2223;2022-03-26;883028;943;737529;4355;1177,2;12,6;19,2;9,1
2220;2022-03-25;882085;6503;736385;4354;1155,2;16,2;19,6;8,9
2217;2022-03-24;875582;8106;730730;4346;1135,4;20,7;19,2;8,8
2214;2022-03-23;867476;9018;724098;4337;1133,5;25,3;20,9;9,6
2211;2022-03-22;858458;11525;717076;4332;1110,2;30,3;20,3;10,1
2208;2022-03-21;846933;6968;709570;4324;1129,7;31,1;20,7;9,9
2205;2022-03-20;839965;198;701817;4319;1132,8;29,2;20,3;10,1
2202;2022-03-19;839767;450;701147;4319;1156,4;25,8;20,4;10,1
2199;2022-03-18;839317;5748;699082;4319;1203,2;20,2;20,2;10,4
2196;2022-03-17;833569;7953;693001;4315;1197,2;10,7;18,4;10,0
2193;2022-03-16;825616;8962;686532;4310;1175,5;'-0,2';18,6;10,9
2190;2022-03-15;816654;8834;679297;4307;946,1;'-10,8';19,7;11,4
2187;2022-03-14;807820;9372;670122;4305;828,6;'-16,1';18,4;10,4
2184;2022-03-13;798448;268;661092;4297;827,0;'-18,9';18,2;10,2
2181;2022-03-12;798180;1106;660299;4297;829,7;'-20,4';18,1;10,6
2178;2022-03-11;797074;7246;658484;4296;776,9;'-21,3';17,7;10,4
2175;2022-03-10;789828;7635;651078;4294;763,7;'-20,7';18,1;11,4
2172;2022-03-09;782193;6946;641924;4288;722,3;'-18,6';15,0;11,0
2169;2022-03-08;775247;625;630638;4281;893,9;'-14,5';15,0;10,6
2166;2022-03-07;774622;5575;618837;4279;929,2;'-13,1';18,1;11,1
2163;2022-03-06;769047;301;608060;4277;932,2;'-12,0';16,2;11,4
2160;2022-03-05;768746;899;607137;4277;925,8;'-10,5';16,2;11,6
2157;2022-03-04;767847;6107;604358;4276;953,8;'-8,0';16,1;11,3
2154;2022-03-03;761740;7005;595857;4273;992,1;'-5,7';16,7;11,1
2151;2022-03-02;754735;7125;583921;4263;1036,5;'-4,3';15,8;11,4
2148;2022-03-01;747610;5784;570837;4253;1087,2;'-4,9';14,4;12,5
2145;2022-02-28;741826;6389;556481;4245;1142,5;'-6,8';16,2;12,7
2142;2022-02-27;735437;270;544499;4243;1141,8;'-9,5';17,3;13,0
2139;2022-02-26;735167;1015;543221;4243;1163,7;'-11,5';17,6;13,0
2136;2022-02-25;734152;7083;540287;4243;1179,3;'-13,5';17,5;12,9
2133;2022-02-24;727069;9396;530048;4242;1154,0;'-15,4';18,5;12,4
2130;2022-02-23;717673;7395;517626;4227;1123,7;'-17,5';20,9;13,4
2127;2022-02-22;710278;9836;503574;4222;1159,5;'-19,0';21,7;14,4
2124;2022-02-21;700442;8244;488288;4217;1171,0;'-20,7';20,6;14,1
2121;2022-02-20;692198;232;473794;4213;1172,7;'-21,9';22,3;14,6
2118;2022-02-19;691966;2238;472204;4213;1153,4;'-22,0';22,8;14,8
2115;2022-02-18;689728;11424;469196;4212;1160,0;'-21,2';23,1;15,3
2112;2022-02-17;678304;6686;456776;4205;1208,9;'-20,2';23,8;15,0
2109;2022-02-16;671618;8230;443841;4175;1311,5;'-18,8';24,8;15,3
2106;2022-02-15;663388;11531;431066;4173;1370,2;'-17,6';26,1;15,8
2103;2022-02-14;651857;5630;420512;4168;1414,7;'-16,4';26,4;15,9
2100;2022-02-13;646227;216;412095;4167;1420,8;'-15,4';25,9;15,4
2097;2022-02-12;646011;1077;410361;4167;1451,2;'-13,9';25,9;15,2
2094;2022-02-11;644934;5406;407701;4167;1486,0;'-11,9';26,3;15,5
2091;2022-02-10;639528;10164;400719;4164;1591,7;'-9,9';26,6;15,9
2088;2022-02-09;629364;11467;393616;4159;1656,9;'-8,4';25,5;15,9
2085;2022-02-08;617897;12302;386119;4147;1737,4;'-6,7';25,4;16,6
2082;2022-02-07;605595;9578;378807;4140;1783,1;'-4,1';25,2;17,5
2079;2022-02-06;596017;743;372251;4135;1794,2;'-0,3';23,3;17,5
2076;2022-02-05;595274;1409;371115;4135;1821,1;3,3;22,8;17,2
2073;2022-02-04;593865;9845;369156;4135;1883,1;6,8;23,0;17,1
2070;2022-02-03;584020;13317;363672;4133;1890,6;11,2;23,5;17,6
2067;2022-02-02;570703;17566;358061;4129;1904,8;17,1;23,3;17,7
2064;2022-02-01;553137;12669;353057;4128;1910,7;24,1;22,1;16,7
2061;2022-01-31;540468;12220;348811;4124;1961,0;31,8;20,2;17,1
2058;2022-01-30;528248;284;344919;4107;1966,9;38,7;19,9;16,2
2055;2022-01-29;527964;3427;343670;4107;1960,3;44,9;19,6;16,2
2052;2022-01-28;524537;12762;342518;4107;1993,6;49,8;19,5;16,5
2049;2022-01-27;511775;11736;340632;4098;1998,3;52,0;19,1;16,3
2046;2022-01-26;500039;14730;338042;4097;1959,7;51,0;17,9;18,7
2043;2022-01-25;485309;17416;335148;4094;1822,0;47,9;16,8;18,0
2040;2022-01-24;467893;13211;332355;4088;1664,6;46,1;15,6;17,5
2037;2022-01-23;454682;683;329602;4085;1667,6;47,2;16,8;17,2
2034;2022-01-22;453999;2367;328758;4084;1634,3;44,2;16,9;16,8
2031;2022-01-21;451632;14089;327299;4082;1479,7;38,6;16,3;16,0
2028;2022-01-20;437543;10679;325874;4077;1311,3;37,1;14,7;16,8
2025;2022-01-19;426864;11449;323633;4073;1178,4;40,3;13,4;17,8
2022;2022-01-18;415415;10732;321226;4072;1101,5;47,9;12,6;17,6
2019;2022-01-17;404683;7559;318467;4067;1058,0;58,6;12,9;18,4
2016;2022-01-16;397124;220;315322;4067;1043,6;71,5;13,1;17,8
2013;2022-01-15;396904;2245;314579;4067;1044,6;84,8;13,5;18,5
2010;2022-01-14;394659;6069;313655;4067;1031,9;95,7;13,1;18,3
2007;2022-01-13;388590;7238;311533;4063;1011,3;103,9;11,2;18,8
2004;2022-01-12;381352;7797;309255;4058;948,3;107,2;11,1;17,9
2001;2022-01-11;373555;8862;307182;4045;871,1;106,6;10,6;19,1
1998;2022-01-10;364693;5276;304881;4043;781,9;102,3;10,6;19,1
1995;2022-01-09;359417;1057;302449;4038;778,2;95,0;9,3;18,8
1992;2022-01-08;358360;1712;301838;4038;733,3;72,9;9,2;18,7
1989;2022-01-07;356648;6051;301111;4036;599,8;44,7;9,4;18,3
1986;2022-01-06;350597;5962;299529;4032;501,6;22,8;8,9;18,2
1983;2022-01-05;344635;5443;297710;4029;418,6;7,3;8,7;18,0
1980;2022-01-04;339192;4226;295290;4025;362,5;'-1,5';9,3;18,7
1977;2022-01-03;334966;3196;293004;4020;327,0;'-5,7';9,1;18,5
1974;2022-01-02;331770;479;290517;4016;319,7;'-6,7';7,6;18,9
1971;2022-01-01;331291;73;289993;4016;330,4;'-7,0';7,2;18,6
1968;2021-12-31;331218;701;289166;4016;319,2;'-7,6';7,2;19,0
1965;2021-12-30;330517;2777;287169;4016;301,4;'-6,7';8,1;19,1
1962;2021-12-29;327740;1939;284871;4010;295,7;'-4,2';8,2;19,1
1959;2021-12-28;325801;2652;282769;4002;299,2;'-1,8';8,3;19,7
1956;2021-12-27;323149;2457;280359;3996;315,2;0,3;8,1;19,4
1953;2021-12-26;320692;646;278109;3991;309,4;1,4;6,7;19,2
1950;2021-12-25;320046;51;277522;3988;304,1;2,9;6,7;19,5
1947;2021-12-24;319995;564;276594;3988;344,0;4,7;6,6;19,7
1944;2021-12-23;319431;2000;274331;3988;358,7;2,7;7,3;20,0
1941;2021-12-22;317431;2488;272013;3986;356,8;'-1,0';8,1;20,8
1938;2021-12-21;314943;2294;269245;3976;349,2;'-3,9';7,7;20,9
1935;2021-12-20;312649;2941;266689;3969;338,0;'-6,3';8,7;22,0
1932;2021-12-19;309708;243;263830;3964;336,4;'-8,1';7,6;22,7
1929;2021-12-18;309465;439;263180;3964;332,8;'-9,4';7,5;23,0
1926;2021-12-17;309026;2261;262301;3955;319,7;'-10,2';7,5;22,3
1923;2021-12-16;306765;2391;260130;3944;309,9;'-10,5';7,5;22,4
1920;2021-12-15;304374;2271;257879;3938;319,9;'-9,7';7,4;22,9
1917;2021-12-14;302103;2089;255315;3932;326,2;'-9,7';9,3;22,5
1914;2021-12-13;300014;2579;252835;3926;327,6;'-9,5';9,4;23,7
1911;2021-12-12;297435;156;250063;3924;331,6;'-9,2';11,2;23,0
1908;2021-12-11;297279;315;249389;3924;338,7;'-8,3';11,1;23,3
1905;2021-12-10;296964;1596;248377;3922;356,1;'-7,0';11,1;23,2
1902;2021-12-09;295368;2178;246254;3904;369,8;'-5,4';10,8;24,7
1899;2021-12-08;293190;2618;244047;3886;360,6;'-4,3';10,9;24,1
1896;2021-12-07;290572;2910;241703;3877;366,0;'-2,6';10,6;23,2
1893;2021-12-06;287662;2614;239702;3867;370,9;'-1,3';9,2;22,3
1890;2021-12-05;285048;308;237387;3855;372,5;0,2;11,4;
1887;2021-12-04;284740;439;236920;3855;374,5;1,7;11,4;
1884;2021-12-03;284301;2244;236192;3853;384,4;3,0;11,4;22,1
1881;2021-12-02;282057;2539;234813;3849;385,0;3,7;11,0;21,0
1878;2021-12-01;279518;2544;233283;3844;401,3;4,8;11,7;20,2
1875;2021-11-30;276974;2552;231481;3835;400,0;5,0;9,6;19,6
1872;2021-11-29;274422;3172;230060;3830;408,3;6,1;9,8;19,1
1869;2021-11-28;271250;287;228740;3823;405,2;7,3;9,4;
1866;2021-11-27;270963;546;228329;3823;397,8;8,2;9,4;
1863;2021-11-26;270417;2558;227809;3818;382,9;9,6;9,4;19,1
1860;2021-11-25;267859;2843;226799;3814;377,9;12,4;11,1;19,4
1857;2021-11-24;265016;2711;225819;3795;378,3;15,8;12,2;19,6
1854;2021-11-23;262305;2867;224631;3788;383,7;20,7;11,9;18,8
1851;2021-11-22;259438;3262;223593;3784;375,7;25,6;12,2;18,7
1848;2021-11-21;256176;104;222616;3779;375,8;32,2;11,4;
1845;2021-11-20;256072;127;222206;3779;380,3;37,9;11,4;
1842;2021-11-19;255945;2398;221730;3779;379,6;41,8;11,4;17,6
1839;2021-11-18;253547;2321;220861;3777;372,0;44,8;11,2;16,8
1836;2021-11-17;251226;2795;220146;3773;368,2;47,6;10,4;16,0
1833;2021-11-16;248431;2886;219328;3767;346,5;48,9;10,5;15,6
1830;2021-11-15;245545;2593;218526;3762;329,3;50,4;10,3;15,4
1827;2021-11-14;242952;147;217706;3759;324,9;52,3;10,0;
1824;2021-11-13;242805;475;217384;3759;315,2;51,1;10,0;
1821;2021-11-12;242330;2149;217007;3759;296,9;46,9;10,0;13,7
1818;2021-11-11;240181;2185;216303;3756;282,7;42,2;8,2;13,5
1815;2021-11-10;237996;2873;215664;3753;251,7;36,6;6,7;12,9
1812;2021-11-09;235123;1657;214876;3746;233,8;33,7;7,2;12,8
1809;2021-11-08;233466;2209;214214;3740;207,3;32,4;6,7;12,4
1806;2021-11-07;231257;87;213524;3735;206,9;33,8;6,5;
1803;2021-11-06;231170;134;213181;3735;207,1;32,9;6,5;
1800;2021-11-05;231036;1675;212808;3735;196,1;29,5;6,5;11,5
1797;2021-11-04;229361;1560;212171;3729;180,6;26,3;6,5;10,9
1794;2021-11-03;227801;1525;211520;3719;170,2;25,1;6,4;10,7
1791;2021-11-02;226276;1240;210839;3717;164,6;25,9;6,2;11,2
1788;2021-11-01;225036;1500;210117;3709;155,8;26,8;5,9;11,2
1785;2021-10-31;223536;81;209485;3704;153,8;28,9;6,0;
1782;2021-10-30;223455;178;209153;3704;153,6;29,9;6,0;
1779;2021-10-29;223277;869;208824;3704;146,9;29,3;6,0;11,7
1776;2021-10-28;222408;1073;208305;3700;139,8;28,7;5,7;10,9
1773;2021-10-27;221335;1147;207831;3691;133,6;27,9;5,4;10,2
1770;2021-10-26;220188;1082;207249;3684;124,3;26,9;5,4;9,2
1767;2021-10-25;219106;995;206615;3677;122,7;27,1;5,3;9,7
1764;2021-10-24;218111;67;206038;3677;123,5;26,6;4,5;
1761;2021-10-23;218044;184;205738;3677;121,9;23,7;4,5;
1758;2021-10-22;217860;707;205454;3677;118,9;19,7;4,5;9,1
1755;2021-10-21;217153;713;204927;3671;112,4;15,1;4,4;9,4
1752;2021-10-20;216440;1090;204462;3670;102,6;11,2;4,2;9,5
1749;2021-10-19;215350;824;203909;3667;98,6;8,4;3,9;9,2
1746;2021-10-18;214526;894;203401;3665;93,4;6,5;3,9;9,5
1743;2021-10-17;213632;43;202814;3664;92,2;5,7;3,2;
1740;2021-10-16;213589;128;202530;3664;90,1;4,9;3,2;
1737;2021-10-15;213461;578;202257;3664;87,6;4,4;3,2;9,3
1734;2021-10-14;212883;699;201796;3663;87,5;4,3;3,1;9,4
1731;2021-10-13;212184;554;201334;3658;87,0;4,5;2,9;9,2
1728;2021-10-12;211630;698;200787;3657;85,9;5,3;2,6;8,3
1725;2021-10-11;210932;667;200240;3655;84,5;6,6;2,7;8,9
1722;2021-10-10;210265;25;199685;3647;85,4;7,8;2,5;
1719;2021-10-09;210240;140;199410;3647;84,2;8,5;2,5;
1716;2021-10-08;210100;445;199117;3647;82,9;8,9;2,5;8,3
1713;2021-10-07;209655;516;198555;3646;82,1;9,7;2,9;7,9
1710;2021-10-06;209139;749;198061;3641;84,7;9,8;2,8;8,3
1707;2021-10-05;208390;584;197544;3635;82,5;8,2;2,9;8,3
1704;2021-10-04;207806;659;196995;3631;82,0;5,8;2,6;8,1
1701;2021-10-03;207147;24;196423;3628;81,1;2,5;2,7;
1698;2021-10-02;207123;67;196241;3628;81,1;'-0,5';2,7;
1695;2021-10-01;207056;521;195993;3628;80,8;'-3,5';2,7;9,3
1692;2021-09-30;206535;664;195511;3627;78,5;'-7,1';2,8;8,8
1689;2021-09-29;205871;635;195081;3625;75,3;'-10,3';3,0;8,9
1686;2021-09-28;205236;656;194580;3625;73,2;'-12,2';2,8;8,6
1683;2021-09-27;204580;332;193958;3625;73,1;'-13,1';2,7;8,3
1680;2021-09-26;204248;17;193401;3624;72,7;'-13,3';3,0;
1677;2021-09-25;204231;112;193173;3624;73,1;'-13,1';3,0;
1674;2021-09-24;204119;422;192910;3624;71,9;'-12,6';3,0;8,1
1671;2021-09-23;203697;450;192399;3622;73,3;'-10,9';2,5;8,1
1668;2021-09-22;203247;607;191910;3621;75,2;'-8,4';2,5;8,3
1665;2021-09-21;202640;429;191314;3620;78,6;'-6,0';2,6;7,9
1662;2021-09-20;202211;647;190785;3619;82,1;'-4,8';2,6;8,3
1659;2021-09-19;201564;6;190207;3616;82,1;'-3,7';2,4;
1656;2021-09-18;201558;114;189945;3616;82,4;'-2,4';2,4;
1653;2021-09-17;201444;357;189655;3616;85,8;'-0,7';2,4;7,4
1650;2021-09-16;201087;492;189129;3615;88,9;0,6;2,6;7,6
1647;2021-09-15;200595;685;188691;3611;89,7;1,0;2,7;7,7
1644;2021-09-14;199910;655;188139;3609;90,5;1,5;2,6;7,5
1641;2021-09-13;199255;761;187587;3607;90,4;2,9;2,6;7,3
1638;2021-09-12;198494;18;187013;3602;91,1;4,3;2,6;
1635;2021-09-11;198476;187;186738;3602;92,3;5,4;2,6;
1632;2021-09-10;198289;458;186455;3602;90,6;5,8;2,6;7,6
1629;2021-09-09;197831;541;186004;3602;87,7;6,3;2,8;7,5
1626;2021-09-08;197290;751;185571;3599;87,7;7,8;3,0;7,1
1623;2021-09-07;196539;548;185046;3598;91,5;9,8;2,8;7,1
1620;2021-09-06;195991;858;184588;3597;90,0;10,8;3,1;7,5
1617;2021-09-05;195133;17;184110;3596;90,3;11,4;2,7;
1614;2021-09-04;195116;137;183869;3596;89,2;11,3;2,7;
1611;2021-09-03;194979;413;183609;3596;88,2;10,7;2,7;6,0
1608;2021-09-02;194566;533;183295;3595;89,0;10,0;2,3;5,4
1605;2021-09-01;194033;736;182987;3593;87,9;8,3;2,2;5,4
1602;2021-08-31;193297;909;182613;3593;82,9;6,4;2,5;4,9
1599;2021-08-30;192388;586;182320;3593;81,6;6,2;2,4;4,8
1596;2021-08-29;191802;14;181957;3592;81,2;7,5;2,2;
1593;2021-08-28;191788;79;181759;3592;80,9;8,3;2,2;
1590;2021-08-27;191709;414;181609;3592;81,2;9,0;2,2;4,6
1587;2021-08-26;191295;346;181317;3591;79,4;10,6;2,3;4,7
1584;2021-08-25;190949;691;181286;3597;76,0;13,5;2,1;4,5
1581;2021-08-24;190258;471;181027;3595;74,2;18,3;2,3;4,8
1578;2021-08-23;189787;645;180786;3592;74,9;24,7;2,0;5,3
1575;2021-08-22;189142;42;180534;3588;75,2;31,8;2,3;
1572;2021-08-21;189100;95;180385;3587;75,5;38,4;2,3;
1569;2021-08-20;189005;343;180246;3587;74,9;44,3;2,3;5,3
1566;2021-08-19;188662;475;180050;3588;75,3;49,7;2,3;5,0
1563;2021-08-18;188187;510;179850;3588;75,3;53,4;2,3;4,8
1560;2021-08-17;187677;552;179656;3587;72,5;55,7;2,0;5,0
1557;2021-08-16;187125;594;179476;3587;67,4;57,5;2,1;3,6
1554;2021-08-15;186531;13;179311;3587;67,2;60,0;1,9;
1551;2021-08-14;186518;126;179195;3587;66,2;58,0;1,9;
1548;2021-08-13;186392;615;179084;3587;60,3;50,8;1,9;4,4
1545;2021-08-12;185777;473;178937;3586;55,1;43,6;1,7;4,4
1542;2021-08-11;185304;358;178814;3585;50,2;37,9;1,7;4,7
1539;2021-08-10;184946;366;178679;3585;45,8;33,6;1,3;3,6
1536;2021-08-09;184580;380;178542;3585;41,3;30,5;1,5;3,6
1533;2021-08-08;184200;21;178367;3585;40,5;29,8;1,3;
1530;2021-08-07;184179;72;178256;3585;39,2;27,8;1,3;
1527;2021-08-06;184107;238;178164;3585;38,0;24,9;1,3;3,9
1524;2021-08-05;183869;289;178116;3585;36,4;21,8;1,2;4,0
1521;2021-08-04;183580;307;178011;3585;33,1;18,4;1,1;3,7
1518;2021-08-03;183273;270;177904;3583;30,9;17,5;1,1;3,7
1515;2021-08-02;183003;263;177808;3583;29,9;19,3;1,0;3,6
1512;2021-08-01;182740;17;177625;3583;29,7;23,8;0,6;
1509;2021-07-31;182723;33;177549;3583;29,8;27,1;0,6;
1506;2021-07-30;182690;137;177462;3583;29,5;29,2;0,6;3,4
1503;2021-07-29;182553;213;177331;3582;27,6;31,9;0,8;3,5
1500;2021-07-28;182340;173;177235;3581;26,7;37,9;0,8;3,5
1497;2021-07-27;182167;197;177103;3581;26,3;46,3;0,8;3,6
1494;2021-07-26;181970;259;176983;3581;25,4;56,0;0,6;3,5
1491;2021-07-25;181711;11;176852;3578;25,2;67,5;0,5;
1488;2021-07-24;181700;17;176786;3578;25,0;77,8;0,5;
1485;2021-07-23;181683;155;176716;3578;24,1;86,1;0,6;3,5
1482;2021-07-22;181528;99;176707;3577;24,0;94,4;0,6;3,8
1479;2021-07-21;181429;-161;176646;3576;22,9;96,9;0,6;3,6
1476;2021-07-20;181590;251;176914;3576;20,8;95,0;0,5;3,3
1473;2021-07-19;181339;;176866;3574;17,7;92,5;0,5;3,4
1470;2021-07-18;;;;;17,7;98,7;0,5;
1467;2021-07-17;;;;;17,4;94,9;0,5;
1464;2021-07-16;181146;132;176804;3570;15,3;77,8;0,5;3,8
1461;2021-07-15;181014;132;176691;3568;12,9;59,6;0,4;3,4
1458;2021-07-14;180882;137;176648;3568;10,8;44,8;0,5;3,7
1455;2021-07-13;180745;99;176609;3565;9,3;33,5;0,6;3,8
1452;2021-07-12;180646;95;176577;3565;8,4;26,1;0,7;3,7
1449;2021-07-11;180551;;176520;3564;8,4;19,1;0,7;4,3
1446;2021-07-10;180551;2;176503;3564;8,3;10,5;0,7;4,3
1443;2021-07-09;180549;57;176488;3564;7,6;0,8;0,7;4,3
1440;2021-07-08;180492;59;176444;3563;7,3;'-6,6';0,6;4,2
1437;2021-07-07;180433;52;176420;3563;6,8;'-10,7';0,8;4,1
1434;2021-07-06;180381;57;176375;3562;6,4;'-13,9';0,9;4,3
1431;2021-07-05;180324;53;176334;3561;5,5;'-16,6';0,9;4,2
1428;2021-07-04;180271;3;176284;3559;5,5;'-16,4';0,9;4,5
1425;2021-07-03;180268;2;176264;3559;5,6;'-15,6';0,9;4,6
1422;2021-07-02;180266;38;176234;3559;5,7;'-14,0';0,9;4,7
1419;2021-07-01;180228;16;176179;3560;6,0;'-14,6';0,8;4,1
1416;2021-06-30;180212;46;176088;3560;6,4;'-19,8';0,8;4,8
1413;2021-06-29;180166;26;176012;3559;6,4;'-26,7';0,8;5,1
1410;2021-06-28;180140;22;175959;3557;6,9;'-33,4';0,8;4,2
1407;2021-06-27;180118;;175914;3556;6,9;'-39,6';0,8;5,8
1404;2021-06-26;180118;6;175896;3556;7,1;'-41,9';0,8;5,8
1401;2021-06-25;180112;25;175870;3556;7,4;'-42,5';0,8;5,8
1398;2021-06-24;180087;55;175814;3552;6,9;'-43,6';0,8;5,6
1395;2021-06-23;180032;37;175697;3548;7,2;'-45,6';0,8;4,6
1392;2021-06-22;179995;66;175604;3547;7,6;'-47,7';0,8;5,5
1389;2021-06-21;179929;41;175514;3545;7,8;'-48,5';0,8;6,9
1386;2021-06-20;179888;1;175434;3545;7,9;'-48,8';0,9;7,4
1383;2021-06-19;179887;15;175394;3545;7,8;'-46,8';1,1;7,4
1380;2021-06-18;179872;48;175336;3545;8,8;'-43,8';1,3;7,3
1377;2021-06-17;179824;-11;175213;3541;10,9;'-41,7';1,2;7,6
1374;2021-06-16;179835;63;175132;3535;12,3;'-39,8';1,3;8,0
1371;2021-06-15;179772;22;174976;3529;13,8;'-38,4';1,3;7,9
1368;2021-06-14;179750;57;174836;3520;15,3;'-37,2';1,4;7,6
1365;2021-06-13;179693;6;174654;3517;15,3;'-33,4';1,8;7,9
1362;2021-06-12;179687;26;174598;3517;15,7;'-29,2';1,8;8,2
1359;2021-06-11;179661;101;174476;3518;17,4;'-24,9';1,8;8,3
1356;2021-06-10;179560;90;174249;3517;20,7;'-21,6';2,0;8,9
1353;2021-06-09;179470;121;174050;3513;23,3;'-18,6';1,7;9,6
1350;2021-06-08;179349;117;173821;3512;25,0;'-18,0';1,8;10,0
1347;2021-06-07;179232;104;173569;3510;27,3;'-20,3';1,8;10,5
1344;2021-06-06;179128;7;273409;3506;27,3;'-26,3';1,7;11,6
1341;2021-06-05;179121;27;173310;3505;28,3;'-29,5';1,7;10,9
1338;2021-06-04;179094;159;173217;3506;30,8;'-31,5';1,6;11,1
1335;2021-06-03;178935;182;172935;3502;31,9;'-33,5';1,7;11,7
1332;2021-06-02;178753;192;172702;3499;34,1;'-32,6';2,0;11,6
1329;2021-06-01;178561;196;172392;3497;35,9;'-33,4';2,3;12,2
1326;2021-05-31;178365;142;172071;3485;32,6;'-33,5';2,4;12,2
1323;2021-05-30;178223;18;171673;3481;33,1;'-32,6';2,5;12,8
1320;2021-05-29;178205;-22;171515;3481;34,2;'-30,5';2,5;12,7
1317;2021-05-28;178227;285;171356;3482;36,3;'-27,7';2,9;13,2
1314;2021-05-27;177942;281;171028;3465;35,9;'-25,7';3,0;13,9
1311;2021-05-26;177661;120;170739;3460;39,7;'-25,8';3,4;14,9
1308;2021-05-25;177541;231;170297;3454;46,0;'-25,4';3,7;15,5
1305;2021-05-24;177310;76;169849;3440;55,1;'-26,6';4,4;16,0
1302;2021-05-23;177234;50;169366;3439;55,3;'-28,8';5,1;16,2
1299;2021-05-22;177184;146;169166;3438;57,3;'-29,2';5,0;16,0
1296;2021-05-21;177038;281;168885;3429;60,5;'-28,7';5,0;17,1
1293;2021-05-20;176757;256;168303;3422;57,1;'-27,9';5,3;17,8
1290;2021-05-19;176501;462;167715;3416;63,6;'-26,5';4,7;18,4
1287;2021-05-18;176039;382;167030;3412;64,7;'-25,7';5,2;19,1
1284;2021-05-17;175657;370;166410;3403;68,6;'-24,9';5,2;20,0
1281;2021-05-16;175287;91;165713;3399;68,3;'-24,5';5,6;19,9
1278;2021-05-15;175196;173;165439;3399;68,8;'-23,2';5,7;20,1
1275;2021-05-14;175023;455;165019;3399;73,5;'-21,8';5,3;20,1
1272;2021-05-13;174568;155;164363;3396;86,5;'-20,4';5,7;20,5
1269;2021-05-12;174413;707;163709;3325;88,5;'-20,3';5,5;21,2
1266;2021-05-11;173706;510;162864;3319;96,0;'-20,1';5,6;22,2
1263;2021-05-10;173196;466;162039;3306;99,9;'-20,1';5,6;23,7
1260;2021-05-09;172730;79;161136;3302;100,0;'-19,3';6,2;23,9
1257;2021-05-08;172651;318;160812;3302;100,6;'-17,9';6,2;24,4
1254;2021-05-07;172333;592;160337;3266;102,5;'-15,7';6,7;24,6
1251;2021-05-06;171741;596;159448;3255;107,3;'-13,7';6,8;24,0
1248;2021-05-05;171145;850;158604;3242;110,9;'-12,2';7,9;24,5
1245;2021-05-04;170295;730;157536;3233;116,1;'-11,3';8,2;24,7
1242;2021-05-03;169565;550;156673;3228;122,3;'-10,4';9,0;26,0
1239;2021-05-02;169015;57;155965;3216;124,2;'-9,6';9,1;25,8
1236;2021-05-01;168958;499;155563;3214;130,0;'-8,4';9,4;26,1
1233;2021-04-30;168459;616;154947;3213;133,7;'-7,9';9,7;25,8
1230;2021-04-29;167843;742;154101;3210;136,9;'-7,8';9,6;25,9
1227;2021-04-28;167101;1053;153233;3210;141,9;'-7,3';10,2;26,4
1224;2021-04-27;166048;951;152292;3201;143,3;'-5,3';10,5;27,1
1221;2021-04-26;165097;793;151493;3193;141,0;'-1,9';11,0;27,2
1218;2021-04-25;164304;198;150567;3188;141,3;3,3;10,3;27,1
1215;2021-04-24;164106;485;150213;3187;140,1;8,0;10,3;27,1
1212;2021-04-23;163621;841;149639;3180;143,5;12,0;10,2;27,2
1209;2021-04-22;162780;1135;148683;3175;148,8;18,6;10,7;27,9
1206;2021-04-21;161645;1166;147657;3169;153,7;24,1;10,6;27,3
1203;2021-04-20;160479;759;146833;3163;155,2;26,5;10,7;26,9
1200;2021-04-19;159720;463;145969;3153;154,4;26,0;11,0;26,3
1197;2021-04-18;159257;401;145262;3150;154,1;22,2;10,3;26,2
1194;2021-04-17;158856;548;144893;3151;157,0;17,7;10,3;26,2
1191;2021-04-16;158308;1288;144284;3147;160,7;12,6;10,8;26,0
1188;2021-04-15;157020;1022;143610;3143;156,8;2,6;10,4;26,1
1185;2021-04-14;155998;1327;142755;3134;143,0;'-6,3';10,1;26,3
1182;2021-04-13;154671;677;141946;3128;130,4;'-11,5';10,2;27,1
1179;2021-04-12;153994;539;141202;3127;117,1;'-14,5';11,0;26,6
1176;2021-04-11;153455;493;140528;3123;119,2;'-15,2';10,3;26,3
1173;2021-04-10;152962;643;140245;3123;124,2;'-15,6';10,1;25,8
1170;2021-04-09;152319;1019;139794;3122;104,5;'-15,2';10,1;24,9
1167;2021-04-08;151300;923;139004;3110;103,7;'-10,8';10,3;23,8
1164;2021-04-07;150377;545;138211;3098;113,8;'-5,2';10,0;23,9
1161;2021-04-06;149832;601;137422;3090;122,6;0,5;10,2;23,7
1158;2021-04-05;149231;194;136605;3086;135,2;6,7;11,0;21,7
1155;2021-04-04;149037;309;135961;3086;133,2;11,7;10,5;21,2
1152;2021-04-03;148728;778;135571;3082;127,5;16,8;10,5;20,6
1149;2021-04-02;147950;484;135137;3081;144,5;23,1;10,0;20,0
1146;2021-04-01;147466;1205;134566;3071;145,1;25,4;10,4;19,8
1143;2021-03-31;146261;1012;133933;3055;142,0;27,0;10,6;20,2
1140;2021-03-30;145249;663;133313;3047;144,3;29,0;10,2;19,3
1137;2021-03-29;144586;575;132801;3043;147,0;30,0;9,0;18,9
1134;2021-03-28;144011;296;132170;3039;146,5;32,0;11,1;17,8
1131;2021-03-27;143715;735;131876;3036;140,7;31,5;11,8;18,4
1128;2021-03-26;142980;973;131497;3030;131,2;30,5;11,4;18,3
1125;2021-03-25;142007;1006;130911;3026;126,3;31,4;10,4;18,0
1122;2021-03-24;141001;1268;130405;3023;119,6;33,0;10,3;17,1
1119;2021-03-23;139733;751;129833;3011;108,8;34,9;9,8;16,8
1116;2021-03-22;138982;545;129295;2998;103,2;38,4;8,5;16,6
1113;2021-03-21;138437;219;128850;2992;102,9;38,6;9,0;15,8
1110;2021-03-20;138218;286;128612;2991;103,2;37,7;8,8;15,0
1107;2021-03-19;137932;894;128306;2985;104,6;34,6;8,5;16,4
1104;2021-03-18;137038;629;127871;2967;102,4;27,8;8,8;16,5
1101;2021-03-17;136409;630;127490;2956;98,4;19,1;8,5;16,8
1098;2021-03-16;135779;662;127046;2947;93,9;10,5;8,0;17,3
1095;2021-03-15;135117;366;126617;2942;77,4;2,8;8,0;16,0
1092;2021-03-14;134751;208;126185;2934;78,0;0,9;6,2;16,9
1089;2021-03-13;134543;508;126006;2934;75,3;'-1,4';6,3;16,7
1086;2021-03-12;134035;644;125756;2933;68,7;'-3,5';6,3;16,9
1083;2021-03-11;133391;553;125314;2928;62,3;'-3,0';7,5;16,1
1080;2021-03-10;132838;489;124886;2918;60,0;'-0,1';7,2;17,1
1077;2021-03-09;132349;287;124463;2902;60,6;4,1;7,1;17,5
1074;2021-03-08;132062;88;124027;2895;72,5;9,3;6,9;18,0
1071;2021-03-07;131974;110;123661;2894;70,9;10,7;6,9;17,7
1068;2021-03-06;131864;313;123503;2892;69,9;11,9;7,0;17,1
1065;2021-03-05;131551;415;123194;2889;70,9;13,7;7,1;17,8
1062;2021-03-04;131136;608;122762;2874;71,4;14,9;6,9;18,6
1059;2021-03-03;130528;447;122334;2862;70,4;15,0;7,3;18,1
1056;2021-03-02;130081;482;121899;2850;69,7;14,9;8,0;18,1
1053;2021-03-01;129599;242;121539;2825;67,3;13,3;8,9;17,6
1050;2021-02-28;129357;103;121051;2818;66,8;11,5;9,3;16,9
1047;2021-02-27;129254;311;120863;2818;68,0;9,4;8,6;17,4
1044;2021-02-26;128943;497;120638;2814;65,1;5,2;8,8;17,8
1041;2021-02-25;128446;510;120264;2805;63,1;1,3;7,9;18,1
1038;2021-02-24;127936;483;119920;2781;62,2;'-2,3';9,0;18,4
1035;2021-02-23;127453;268;119507;2766;59,4;'-5,9';8,9;19,1
1032;2021-02-22;127185;287;119125;2740;58,1;'-8,5';9,3;19,4
1029;2021-02-21;126898;73;118635;2728;58,7;'-11,8';9,1;19,5
1026;2021-02-20;126825;252;118433;2727;56,6;'-14,6';8,8;20,7
1023;2021-02-19;126573;372;118114;2720;55,6;'-15,7';9,1;21,6
1020;2021-02-18;126201;475;117598;2702;55,6;'-16,6';8,9;21,1
1017;2021-02-17;125726;444;117150;2670;54,8;'-17,1';9,5;20,5
1014;2021-02-16;125282;296;116574;2645;57,2;'-17,6';9,9;21,2
1011;2021-02-15;124986;196;115860;2620;58,4;'-18,9';8,8;21,9
1008;2021-02-14;124790;71;115319;2609;58,2;'-19,2';9,6;21,2
1005;2021-02-13;124719;204;115124;2605;60,9;'-18,4';9,5;21,9
1002;2021-02-12;124515;384;114823;2597;62,3;'-18,0';9,7;22,7
999;2021-02-11;124131;396;114151;2573;63,6;'-18,0';10,2;24,1
996;2021-02-10;123735;546;113476;2556;65,4;'-18,2';9,7;24,7
993;2021-02-09;123189;302;112810;2506;66,6;'-19,0';11,0;24,6
990;2021-02-08;122887;284;112038;2485;72,1;'-20,0';11,2;24,8
987;2021-02-07;122603;156;111168;2470;72,9;'-20,9';11,6;25,1
984;2021-02-06;122447;222;110882;2466;72,4;'-21,3';12,2;25,6
981;2021-02-05;122225;352;110517;2453;75,8;'-20,7';12,6;25,7
978;2021-02-04;121873;484;109612;2418;77,2;'-20,8';13,0;27,6
975;2021-02-03;121389;644;108665;2374;81,5;'-21,5';13,7;28,0
972;2021-02-02;120745;353;107744;2326;86,5;'-23,0';14,5;27,2
969;2021-02-01;120392;455;106870;2293;86,1;'-24,8';13,9;28,4
966;2021-01-31;119937;140;106105;2276;86,2;'-27,8';15,3;27,3
963;2021-01-30;119797;291;105676;2264;88,6;'-28,8';16,4;28,1
960;2021-01-29;119506;556;105113;2235;92,6;'-28,9';16,1;28,7
957;2021-01-28;118950;503;104508;2195;97,3;'-29,3';16,7;29,7
954;2021-01-27;118447;890;103847;2164;103,2;'-30,5';22,0;30,1
951;2021-01-26;117557;433;103004;2101;108,6;'-31,1';24,1;30,3
948;2021-01-25;117124;369;102144;2067;109,8;'-30,6';23,7;30,5
945;2021-01-24;116755;160;101249;2040;112,9;'-28,1';24,4;30,5
942;2021-01-23;116595;463;100793;2039;113,6;'-25,8';24,4;30,5
939;2021-01-22;116132;615;99898;2021;119,5;'-22,8';27,3;30,6
936;2021-01-21;115517;901;99213;1996;128,8;'-17,1';27,5;30,5
933;2021-01-20;114616;732;98289;1957;137,4;'-8,8';28,0;30,3
930;2021-01-19;113884;824;96921;1918;145,1;'-0,1';31,3;30,5
927;2021-01-18;113060;544;95722;1860;164,1;8,1;35,3;30,4
924;2021-01-17;112516;284;94362;1833;165,1;14,1;33,6;30,5
921;2021-01-16;112232;495;93823;1822;168,5;20,1;34,1;30,6
918;2021-01-15;111737;990;93262;1800;179,0;25,4;34,4;32,1
915;2021-01-14;110747;1222;92100;1755;196,2;29,5;34,1;32,5
912;2021-01-13;109525;1222;90827;1711;201,4;29,4;28,8;32,3
909;2021-01-12;108303;1070;89399;1635;201,5;24,4;25,8;32,5
906;2021-01-11;107233;1036;88187;1591;192,3;16,7;26,5;32,5
903;2021-01-10;106197;340;86762;1565;199,1;7,8;27,0;33,0
900;2021-01-09;105857;732;86233;1560;200,8;'-1,8';27,6;33,2
897;2021-01-08;105125;1479;85603;1547;173,8;'-10,2';25,0;33,9
894;2021-01-07;103646;1569;84517;1487;142,7;'-18,6';24,2;34,7
891;2021-01-06;102077;1306;83245;1445;134,0;'-24,8';23,5;34,6
888;2021-01-05;100771;1235;82025;1390;134,9;'-27,6';19,6;35,2
885;2021-01-04;99536;771;80661;1327;139,1;'-27,9';16,2;35,0
882;2021-01-03;98765;656;79465;1305;139,7;'-27,2';16,5;34,5
879;2021-01-02;98109;460;79050;1285;145,4;'-25,5';15,9;34,9
876;2021-01-01;97649;207;78633;1277;142,9;'-23,5';17,6;33,8
873;2020-12-31;97442;643;77560;1271;145,7;'-20,0';18,2;34,0
870;2020-12-30;96799;1059;76250;1247;160,0;'-15,7';19,4;33,7
867;2020-12-29;95740;1287;75069;1213;166,5;'-11,8';20,9;34,0
864;2020-12-28;94453;646;73919;1172;177,9;'-7,9';20,5;32,0
861;2020-12-27;93807;815;72869;1149;174,1;'-4,0';20,0;32,7
858;2020-12-26;92992;635;72526;1128;169,0;0,6;19,2;32,2
855;2020-12-25;92357;278;71944;1118;205,9;6,6;18,4;31,3
852;2020-12-24;92079;952;70815;1116;235,2;9,1;21,4;30,6
849;2020-12-23;91127;1593;69633;1105;235,0;8,4;20,9;29,8
846;2020-12-22;89534;1504;68430;1066;228,1;7,9;21,3;30,4
843;2020-12-21;88030;953;67133;1024;226,8;7,9;22,4;28,0
840;2020-12-20;87077;516;65907;1007;225,8;8,0;22,9;29,0
837;2020-12-19;86561;1325;65350;1001;224,8;7,7;22,2;29,9
834;2020-12-18;85236;1545;64698;984;219,0;6,9;20,5;29,8
831;2020-12-17;83691;1473;63341;958;212,8;6,6;19,7;30,1
828;2020-12-16;82218;1283;62047;928;209,0;6,8;18,8;29,8
825;2020-12-15;80935;1129;60920;899;209,2;6,7;17,4;29,2
822;2020-12-14;79806;1008;59579;846;203,7;5,1;17,8;28,0
819;2020-12-13;78798;548;58284;821;204,3;2,7;17,6;27,4
816;2020-12-12;78250;1038;57655;813;203,4;0,1;18,1;27,5
813;2020-12-11;77212;1002;57042;790;206,7;'-2,2';18,2;28,2
810;2020-12-10;76210;1656;55660;768;205,8;'-5,0';16,5;27,8
807;2020-12-09;74554;1123;54170;749;198,6;'-7,8';16,1;27,6
804;2020-12-08;73431;1348;52666;732;195,5;'-9,6';15,6;26,6
801;2020-12-07;72083;640;51266;699;191,6;'-11,1';15,1;27,3
798;2020-12-06;71443;355;49816;683;190,0;'-11,7';14,4;24,5
795;2020-12-05;71088;1320;49406;679;191,5;'-12,1';14,7;26,6
792;2020-12-04;69768;1260;48747;657;187,7;'-12,1';14,4;25,9
789;2020-12-03;68508;1244;47474;641;185,6;'-11,0';14,2;24,8
786;2020-12-02;67264;958;46150;618;188,3;'-9,5';14,4;24,5
783;2020-12-01;66306;1161;44873;594;199,3;'-8,4';14,2;24,0
780;2020-11-30;65145;925;43409;565;210,6;'-6,8';13,8;24,5
777;2020-11-29;64220;332;42014;553;213,9;'-5,5';14,5;25,2
774;2020-11-28;63888;824;41421;550;213,1;'-3,7';14,0;24,2
771;2020-11-27;63064;1400;40762;539;217,6;'-1,5';14,2;25,3
768;2020-11-26;61664;1110;39578;527;221,0;0,8;13,8;23,5
765;2020-11-25;60554;1630;38449;508;223,2;3,5;13,5;24,2
762;2020-11-24;58924;1615;37097;492;228,5;6,9;13,5;24,7
759;2020-11-23;57309;805;35963;456;229,1;9,5;13,1;24,2
756;2020-11-22;56504;436;34883;449;234,3;11,9;13,1;23,8
753;2020-11-21;56068;1051;34460;447;234,2;13,1;12,9;24,0
750;2020-11-20;55017;1703;33850;441;232,2;14,0;13,4;24,3
747;2020-11-19;53314;1251;32827;422;235,3;14,9;13,6;23,4
744;2020-11-18;52063;1457;31806;401;244,6;15,4;13,0;23,4
741;2020-11-17;50606;1572;30940;393;234,3;13,6;13,5;23,8
738;2020-11-16;49034;1337;29927;371;230,1;12,7;13,5;23,2
735;2020-11-15;47697;432;28976;362;222,1;12,6;14,0;22,1
732;2020-11-14;47265;831;28585;358;220,8;12,7;14,0;22,0
729;2020-11-13;46434;1328;28130;348;214,6;12,1;14,3;22,0
726;2020-11-12;45106;1960;27344;333;207,5;11,9;14,5;21,7
723;2020-11-11;43146;1132;26502;321;195,4;12,3;14,1;21,4
720;2020-11-10;42014;1554;25767;313;196,1;15,2;14,9;21,7
717;2020-11-09;40460;840;25044;301;194,8;18,0;16,0;21,4
714;2020-11-08;39620;241;24368;295;196,7;21,1;16,1;20,3
711;2020-11-07;39379;697;24025;294;195,1;23,4;16,0;20,0
708;2020-11-06;38682;1329;23652;292;192,6;25,1;15,5;19,2
705;2020-11-05;37353;1387;23001;287;185,7;27,0;16,0;19,5
702;2020-11-04;35966;1148;22417;272;187,2;29,6;15,8;19,1
699;2020-11-03;34818;1513;21850;265;181,5;31,2;15,4;18,2
696;2020-11-02;33305;713;21330;261;170,7;33,9;14,5;17,1
693;2020-11-01;32592;362;20839;261;169,8;38,1;12,9;13,7
690;2020-10-31;32230;791;20587;261;168,0;40,7;12,6;13,9
687;2020-10-30;31439;1084;20302;255;163,9;41,3;11,7;13,5
684;2020-10-29;30355;1131;19868;253;159,8;40,7;11,2;12,2
681;2020-10-28;29224;1161;19437;253;146,7;39,5;11,2;12,2
678;2020-10-27;28063;1040;19063;251;140,6;39,6;9,9;11,6
675;2020-10-26;27023;931;18698;251;134,1;40,1;8,9;9,8
672;2020-10-25;26092;304;18281;250;130,4;41,8;8,0;9,2
669;2020-10-24;25788;415;18075;249;127,2;42,1;8,0;9,0
666;2020-10-23;25373;893;17816;248;119,1;40,6;7,8;9,0
663;2020-10-22;24480;783;17442;245;113,1;40,1;6,8;7,8
660;2020-10-21;23697;971;17107;243;107,1;39,8;6,3;7,3
657;2020-10-20;22726;822;16759;243;96,4;40,8;5,7;6,7
654;2020-10-19;21904;476;16418;241;91,3;44,6;5,7;6,4
651;2020-10-18;21428;302;16104;241;90,0;49,9;5,3;5,3
648;2020-10-17;21126;363;15894;239;90,2;54,2;5,1;5,3
645;2020-10-16;20763;676;15708;239;86,9;55,2;5,3;4,8
642;2020-10-15;20087;551;15391;238;80,7;55,6;4,8;4,8
639;2020-10-14;19536;503;15126;236;78,1;56,9;4,4;4,6
636;2020-10-13;19033;706;14881;236;73,0;56,7;4,0;4,5
633;2020-10-12;18327;252;14652;234;65,4;56,2;3,3;3,8
630;2020-10-11;18075;247;14407;234;64,4;57,8;3,2;3,5
627;2020-10-10;17828;273;14302;234;62,4;55,7;3,0;3,1
624;2020-10-09;17555;443;14180;234;57,9;50,5;3,0;3,1
621;2020-10-08;17112;498;13965;233;54,0;44,6;2,9;3,0
618;2020-10-07;16614;378;13787;232;48,1;38,8;2,9;3,4
615;2020-10-06;16236;288;13601;231;45,3;35,1;2,6;3,3
612;2020-10-05;15948;301;13447;231;42,3;32,0;2,3;3,1
609;2020-10-04;15647;74;13270;231;40,1;31,0;2,2;3,1
606;2020-10-03;15573;203;13168;231;39,7;30,1;2,1;3,2
603;2020-10-02;15370;339;13060;231;36,1;27,1;1,8;3,1
600;2020-10-01;15031;244;12888;229;33,8;27,8;1,9;2,7
597;2020-09-30;14787;288;12751;228;31,3;29,7;1,6;2,6
594;2020-09-29;14499;173;12595;228;30,0;34,1;1,6;2,4
591;2020-09-28;14326;131;12457;228;29,7;40,3;1,4;2,1
588;2020-09-27;14195;83;12307;228;29,7;44,4;1,2;1,8
585;2020-09-26;14112;143;12242;228;29,0;46,4;1,2;1,6
582;2020-09-25;13969;159;12176;228;28,6;46,7;1,1;1,9
579;2020-09-24;13810;238;12061;228;27,1;43,0;1,0;1,6
576;2020-09-23;13572;199;11935;228;26,9;40,8;0,9;1,4
573;2020-09-22;13373;117;11843;228;25,4;36,4;0,8;1,4
570;2020-09-21;13256;148;11827;227;22,9;30,6;0,8;1,6
567;2020-09-20;13108;44;11724;227;22,3;26,7;0,7;1,3
564;2020-09-19;13064;146;11667;227;21,9;21,2;0,7;1,2
561;2020-09-18;12918;186;11608;227;19,1;14,8;0,7;1,2
558;2020-09-17;12732;140;11532;227;18,2;12,1;0,6;1,1
555;2020-09-16;12592;130;11450;227;16,6;9,9;0,5;1,1
552;2020-09-15;12462;109;11367;227;15,0;9,0;0,6;1,3
549;2020-09-14;12353;85;11272;226;15,9;10,2;0,7;1,1
546;2020-09-13;12268;15;11178;226;15,8;10,8;0,6;1,3
543;2020-09-12;12253;38;11124;226;15,9;11,1;0,6;1,1
540;2020-09-11;12215;126;11078;226;16,8;10,7;0,6;1,2
537;2020-09-10;12089;139;11012;226;15,0;8,9;0,5;1,1
534;2020-09-09;11950;72;10931;226;14,3;7,8;0,5;1,0
531;2020-09-08;11878;87;10833;226;14,5;8,8;0,6;1,1
528;2020-09-07;11791;65;10740;226;14,4;8,7;0,6;1,2
525;2020-09-06;11726;24;10662;226;14,4;8,1;0,6;0,9
522;2020-09-05;11702;80;10610;226;14,1;6,8;0,5;0,9
519;2020-09-04;11622;94;10566;226;13,7;5,7;0,6;0,9
516;2020-09-03;11528;98;10507;226;13,6;5,1;0,7;1,0
513;2020-09-02;11430;84;10440;226;13,9;5,3;0,7;1,1
510;2020-09-01;11346;81;10387;226;14,0;1,4;0,7;1,0
507;2020-08-31;11265;77;10312;226;13,1;'-3,7';0,6;0,9
504;2020-08-30;11188;6;10220;226;13,0;'-6,7';0,6;1,4
501;2020-08-29;11182;58;10185;226;12,9;'-9,1';0,6;1,5
498;2020-08-28;11124;114;10129;226;12,2;'-10,2';0,6;1,5
495;2020-08-27;11010;77;10051;226;13,2;'-10,9';0,6;1,5
492;2020-08-26;10933;82;9972;226;12,4;'-12,0';0,7;1,6
489;2020-08-25;10851;66;9875;226;12,6;'-8,9';0,7;1,5
486;2020-08-24;10785;58;9806;226;12,7;'-4,3';0,8;1,4
483;2020-08-23;10727;11;9721;226;12,7;1,6;0,7;1,1
480;2020-08-22;10716;62;9660;226;12,8;7,5;0,7;1,2
477;2020-08-21;10654;112;9609;226;12,7;12,6;0,7;1,2
474;2020-08-20;10542;80;9513;226;12,1;19,2;0,5;1,2
471;2020-08-19;10462;69;9442;224;14,1;29,2;0,5;1,2
468;2020-08-18;10393;75;9376;224;14,9;35,3;0,5;1,2
465;2020-08-17;10318;66;9322;224;14,8;38,2;0,5;1,1
462;2020-08-16;10252;15;9273;224;14,8;40,3;0,5;1,1
459;2020-08-15;10237;42;9239;224;14,5;39,7;0,5;1,2
456;2020-08-14;10195;89;9193;224;15,2;38,8;0,5;1,0
453;2020-08-13;10106;131;9132;224;15,1;32,9;0,6;1,1
450;2020-08-12;9975;125;9088;224;13,0;24,1;0,5;1,1
447;2020-08-11;9850;111;9035;224;11,7;21,7;0,4;1,1
444;2020-08-10;9739;42;8984;224;10,4;23,0;0,4;1,1
441;2020-08-09;9697;10;8936;224;10,3;27,4;0,4;1,1
438;2020-08-08;9687;48;8908;224;10,7;31,2;0,4;1,1
435;2020-08-07;9639;97;8888;224;9,9;31,5;0,4;1,2
432;2020-08-06;9542;53;8857;224;9,0;36,0;0,5;1,2
429;2020-08-05;9489;91;8800;224;9,0;45,7;0,6;1,2
426;2020-08-04;9398;32;8748;223;9,2;55,0;0,7;1,5
423;2020-08-03;9366;39;8705;223;9,1;62,8;0,7;1,4
420;2020-08-02;9327;9;8658;223;9,1;69,6;0,7;1,4
417;2020-08-01;9318;45;8627;223;8,7;71,6;0,7;1,2
414;2020-07-31;9273;82;8590;223;8,3;73,5;0,7;1,1
411;2020-07-30;9191;42;8572;223;8,2;70,0;0,7;1,2
408;2020-07-29;9149;79;8542;223;7,1;56,1;0,7;1,5
405;2020-07-28;9070;51;8514;223;6,3;40,7;0,6;1,5
402;2020-07-27;9019;19;8482;223;6,0;25,9;0,6;1,4
399;2020-07-26;9000;10;8450;223;5,9;10,3;0,6;1,5
396;2020-07-25;8990;34;8429;223;5,9;'-4,4';0,8;1,6
393;2020-07-24;8956;63;8418;223;4,8;'-20,2';0,7;1,6
390;2020-07-23;8893;34;8386;222;4,0;'-28,1';0,7;1,6
387;2020-07-22;8859;23;8356;222;3,9;'-32,8';0,6;1,5
384;2020-07-21;8836;35;8312;222;3,7;'-34,6';0,5;1,5
381;2020-07-20;8801;23;8283;221;3,6;'-34,0';0,5;1,5
378;2020-07-19;8778;5;8250;221;3,6;'-33,6';0,4;1,5
375;2020-07-18;8773;26;8235;221;3,2;'-31,9';0,4;1,5
372;2020-07-17;8747;23;8199;221;3,6;'-27,3';0,4;1,5
369;2020-07-16;8724;26;8169;221;4,0;'-22,8';0,5;1,2
366;2020-07-15;8698;25;8114;221;4,7;'-18,9';0,5;1,3
363;2020-07-14;8673;18;8069;220;5,0;'-16,7';0,6;1,2
360;2020-07-13;8655;18;8036;219;5,2;'-17,0';1,0;1,7
357;2020-07-12;8637;1;7995;217;5,2;'-17,2';0,9;1,8
354;2020-07-11;8636;20;7967;217;5,9;'-17,3';0,8;1,2
351;2020-07-10;8616;31;7938;216;6,1;'-19,1';0,9;1,3
348;2020-07-09;8585;49;7896;216;6,8;'-25,5';1,5;1,5
345;2020-07-08;8536;35;7828;216;6,7;'-33,7';1,4;2,1
342;2020-07-07;8501;40;7778;215;6,7;'-39,0';1,7;2,2
339;2020-07-06;8461;11;7738;215;7,2;'-41,0';1,7;2,4
336;2020-07-05;8450;17;7670;215;7,2;'-40,0';1,7;2,3
333;2020-07-04;8433;41;7646;215;6,9;'-37,6';1,6;2,3
330;2020-07-03;8392;48;7612;214;6,9;'-35,3';1,7;2,4
327;2020-07-02;8344;43;7515;214;7,0;'-29,0';1,6;1,7
324;2020-07-01;8301;59;7433;214;7,3;'-20,1';1,6;2,0
321;2020-06-30;8242;23;7349;214;8,3;'-11,1';1,6;2,7
318;2020-06-29;8219;44;7272;214;8,6;'-2,1';1,4;2,5
315;2020-06-28;8175;8;7217;213;9,1;7,6;1,5;2,4
312;2020-06-27;8167;23;7196;213;9,6;18,3;1,5;2,3
309;2020-06-26;8144;49;7125;213;12,1;33,2;1,6;2,4
306;2020-06-25;8095;75;7081;212;13,9;44,9;1,1;2,6
303;2020-06-24;8020;46;7032;212;14,7;53,2;1,2;2,7
300;2020-06-23;7974;59;6961;211;14,8;59,1;1,0;2,8
297;2020-06-22;7915;83;6920;211;13,9;62,3;1,1;3,1
294;2020-06-21;7832;29;6886;211;13,7;67,4;1,1;3,3
291;2020-06-20;7803;71;6874;211;14,6;66,8;1,2;3,3
288;2020-06-19;7732;130;6850;211;12,1;53,0;1,1;3,3
285;2020-06-18;7602;128;6806;211;10,0;45,7;1,0;3,6
282;2020-06-17;7474;73;6778;210;9,8;45,0;1,2;3,6
279;2020-06-16;7401;33;6725;209;9,3;43,3;1,4;3,6
276;2020-06-15;7368;47;6685;208;9,2;43,0;1,2;3,2
273;2020-06-14;7321;40;6656;208;9,1;36,6;1,1;3,4
270;2020-06-13;7281;30;6627;208;7,7;29,7;1,0;3,3
267;2020-06-12;7251;87;6609;208;7,5;29,0;0,9;3,3
264;2020-06-11;7164;29;6582;208;6,9;25,8;0,9;3,3
261;2020-06-10;7135;54;6559;208;6,3;24,9;1,0;3,3
258;2020-06-09;7081;40;6531;206;5,9;24,6;0,9;3,2
255;2020-06-08;7041;26;6531;206;5,2;22,0;1,2;3,4
252;2020-06-07;7015;19;6470;205;5,7;21,3;1,2;3,5
249;2020-06-06;6996;33;6455;205;5,9;16,1;1,1;3,4
246;2020-06-05;6963;18;6443;201;5,7;7,7;1,3;3,8
243;2020-06-04;6945;45;6412;200;5,5;2,3;1,3;3,6
240;2020-06-03;6900;27;6388;200;5,2;'-6,6';1,0;3,6
237;2020-06-02;6873;35;6358;198;4,6;'-13,9';0,9;3,4
234;2020-06-01;6838;23;6319;198;5,2;'-16,8';;3,3
231;2020-05-31;6815;16;6279;198;4,5;'-19,0';;3,2
228;2020-05-30;6799;33;6259;198;4,1;'-18,4';;3,3
225;2020-05-29;6766;29;6240;197;4,3;'-16,3';;3,4
222;2020-05-28;6737;35;6208;196;3,9;'-13,1';;3,2
219;2020-05-27;6702;30;6175;195;4,0;'-9,5';;3,7
216;2020-05-26;6672;21;6123;193;4,6;'-5,5';;4,4
213;2020-05-25;6651;10;6086;191;4,9;'-4,7';;4,5
210;2020-05-24;6641;5;6060;191;5,0;'-7,6';;
207;2020-05-23;6636;25;6049;191;5,3;'-12,0';;
204;2020-05-22;6611;29;6018;190;4,8;'-16,8';;
201;2020-05-21;6582;30;5987;190;5,7;'-20,1';;
198;2020-05-20;6552;49;5959;186;6,1;'-23,9';;
195;2020-05-19;6503;29;5918;186;5,8;'-27,3';;
192;2020-05-18;6474;20;5880;182;5,4;'-30,0';;
189;2020-05-17;6454;11;5850;180;5,4;'-30,5';;
186;2020-05-16;6443;19;5825;181;5,4;'-29,1';;
183;2020-05-15;6424;31;5787;181;5,1;'-28,1';;
180;2020-05-14;6393;55;5737;177;5,5;'-28,0';;
177;2020-05-13;6338;44;5687;173;5,5;'-28,4';;
174;2020-05-12;6294;25;5641;170;5,9;'-27,8';;
171;2020-05-11;6269;2;5586;165;6,8;'-26,3';;
168;2020-05-10;6267;11;5518;165;7,5;'-24,5';;
165;2020-05-09;6256;20;5477;165;7,8;'-23,1';;
162;2020-05-08;6236;33;5431;164;8,4;'-22,6';;
159;2020-05-07;6203;60;5364;163;8,4;'-23,7';;
156;2020-05-06;6143;57;5296;162;8,6;'-23,6';;
153;2020-05-05;6086;50;5296;162;9,2;'-23,9';;
150;2020-05-04;6036;32;5154;154;9,3;'-23,5';;
147;2020-05-03;6004;34;5091;154;9,1;'-22,6';;
144;2020-05-02;5970;34;5040;154;9,7;'-21,2';;
141;2020-05-01;5936;55;4978;152;11,0;'-19,5';;
138;2020-04-30;5881;60;4897;149;11,8;'-17,2';;
135;2020-04-29;5821;83;4837;147;12,2;'-18,1';;
132;2020-04-28;5738;61;4730;137;12,2;'-20,4';;
129;2020-04-27;5677;33;4652;127;11,9;'-25,0';;
126;2020-04-26;5644;37;4587;125;12,2;'-29,2';;
123;2020-04-25;5607;75;4508;123;13,0;'-31,7';;
120;2020-04-24;5532;56;4412;113;14,2;'-32,9';;
117;2020-04-23;5476;121;;112;14,4;'-36,4';;
114;2020-04-22;5355;14;;105;15,2;'-38,5';;
111;2020-04-21;5341;76;;105;15,2;'-38,8';;
108;2020-04-20;5265;40;;97;15,5;'-37,7';;
105;2020-04-19;5225;38;;94;16,1;'-35,9';;
102;2020-04-18;5187;96;;92;16,3;'-33,4';;
99;2020-04-17;5091;120;;91;15,3;'-31,4';;
96;2020-04-16;4971;101;;84;17,6;'-27,4';;
93;2020-04-15;4870;141;;74;19,3;'-24,0';;
90;2020-04-14;4729;62;;62;22,9;'-21,2';;
87;2020-04-13;4667;84;;56;25,2;'-18,8';;
84;2020-04-12;4583;30;;51;25,8;'-16,6';;
81;2020-04-11;4553;107;;50;26,4;'-13,7';;
78;2020-04-10;4446;89;;46;30,6;'-9,3';;
75;2020-04-09;4357;145;;42;32,3;'-6,1';;
72;2020-04-08;4212;174;;37;32,5;'-2,2';;
69;2020-04-07;4038;176;;32;32,8;3,1;;
66;2020-04-06;3862;175;;28;33,5;9,8;;
63;2020-04-05;3687;61;;26;33,7;17,7;;
60;2020-04-04;3626;140;;24;36,3;26,3;;
57;2020-04-03;3486;263;;22;35,4;34,8;;
54;2020-04-02;3223;230;;20;36,7;46,6;;
51;2020-04-01;2993;216;;;38,3;60,5;;
48;2020-03-31;2777;196;;16;37,9;75,3;;
45;2020-03-30;2581;119;;13;37,6;92,0;;
42;2020-03-29;2462;125;;11;37,1;109,7;;
39;2020-03-28;2337;185;;9;35,2;126,0;;
36;2020-03-27;2152;215;;8;34,1;144,4;;
33;2020-03-26;1937;292;;7;31,2;160,6;;
30;2020-03-25;1645;220;;4;28,5;180,3;;
27;2020-03-24;1425;206;;3;25,7;204,2;;
24;2020-03-23;1219;148;;2;23,0;236,8;;
21;2020-03-22;1071;46;;1;21,9;278,3;;
18;2020-03-21;1025;157;;1;19,2;298,2;;
15;2020-03-20;868;180;;1;16,2;294,2;;
12;2020-03-19;688;169;;;12,6;262,5;;
9;2020-03-18;519;136;;;9,7;246,1;;
6;2020-03-17;383;51;;;8,1;267,7;;
3;2020-03-16;332;332;;;7,0;;;
